<?xml version="1.0" encoding="UTF-8"?>

<!DOCTYPE mapper
    PUBLIC "-//mybatis.org//DTD Mapper 3.0//EN"
    "https://mybatis.org/dtd/mybatis-3-mapper.dtd">
    
<mapper namespace="com.javalec.final_hobbyplanet.dao.ApplyDAO">
	<!-- 참여 여부 판단 -->
	<select id="checkApply" parameterType="hashmap" resultType="com.javalec.final_hobbyplanet.dto.ApplyDTO">
		SELECT ap_nickname 
			FROM APPLYTABLE 
			WHERE ap_bidx = #{j_idx} and ap_id = #{u_id}
	</select>
	
	<!-- 참여 하기 -->
	<insert id="insertApply" parameterType="hashmap">
		INSERT INTO APPLYTABLE 
			VALUES(#{j_idx}, #{u_id}, #{u_nickname})
	</insert>
	
	<!-- 인원 추가하기 -->
	<update id="insertMemberApply" parameterType="hashmap">
		UPDATE JOINTABLE SET j_nowmem = j_nowmem + 1
        	WHERE j_idx = #{j_idx}
	</update>
	
	<!-- 참여 취소 -->
	<delete id="cancelApply" parameterType="hashmap">
		DELETE FROM APPLYTABLE 
			WHERE ap_bidx = #{j_idx} and ap_id = #{u_id}
	</delete>
	
	<!-- 인원 추감하기 -->
	<update id="cancelMemberApply" parameterType="hashmap">
		UPDATE JOINTABLE SET j_nowmem = j_nowmem - 1 
        	WHERE j_idx = #{j_idx}
	</update>
	
	<!-- 참여자 리스트 삭제 -->
	<delete id="deleteApply" parameterType="hashmap">
		DELETE FROM APPLYTABLE 
			WHERE ap_bidx = #{j_idx}
	</delete>
	
	<!-- 참여자 리스트 -->
	<select id="listApply" parameterType="hashmap" resultType="com.javalec.final_hobbyplanet.dto.ApplyDTO">
		SELECT ap_id 
			FROM APPLYTABLE 
			WHERE ap_bidx = #{j_idx}
	</select>
	
	<!-- 참여한 리스트 -->
	<select id="selectApply" parameterType="hashmap" resultType="com.javalec.final_hobbyplanet.dto.ApplyDTO">
		SELECT ap_bidx 
			FROM APPLYTABLE 
			WHERE ap_id = #{u_id}
	</select>
	
	<!-- 참여한 리스트들 인원 차감 -->
	<update id="selectMemberApply" parameterType="hashmap">
		UPDATE JOINTABLE SET j_nowmem = j_nowmem - 1 
        	WHERE j_idx = #{ap_bidx}
	</update>
</mapper>