<?xml version="1.0" encoding="UTF-8"?>

<!DOCTYPE mapper
    PUBLIC "-//mybatis.org//DTD Mapper 3.0//EN"
    "https://mybatis.org/dtd/mybatis-3-mapper.dtd">
    
<mapper namespace="com.javalec.final_hobbyplanet.dao.NoticeDAO">
	<!-- 공지사항 글 목록 보기 - 페이징 처리를 위한 쿼리문 -->
	<select id="listNoticePaging" parameterType="com.javalec.final_hobbyplanet.dto.SearchCriteria" resultType="com.javalec.final_hobbyplanet.dto.NoticeDTO">
		SELECT n_idx, n_id, n_nickname, n_title, n_content, n_date, n_count
		 FROM (
		 	   SELECT n_idx, n_id, n_nickname, n_title, n_content, n_date, n_count
		 			, ROW_NUMBER() OVER (ORDER BY n_idx DESC) AS RN
		         FROM NOTICETABLE
		        WHERE 1 = 1
				<include refid="search"></include>) 
		WHERE RN BETWEEN #{rowStart} AND #{rowEnd}
		ORDER BY n_idx DESC
    </select>
	
	<!-- 공지사항 글 작성 -->
	<insert id="writeNotice" parameterType="hashmap">
		INSERT INTO NOTICETABLE(n_idx, n_id, n_nickname, n_title, n_content, n_count) 
		VALUES(NOTICETABLE_SEQ.NEXTVAL, #{n_id}, #{n_nickname}, #{n_title}, #{n_content}, 0)
	</insert>
	
	<!-- 공지사항 글번호로 해당 글정보 보기 -->
	<select id="showNotice" parameterType="hashmap" resultType="com.javalec.final_hobbyplanet.dto.NoticeDTO">
        SELECT n_idx, n_id, n_nickname, n_title, n_content, n_date, n_count
          FROM NOTICETABLE
         WHERE n_idx = #{n_idx}
    </select>
    
	<!-- 공지사항 조회수 +1 하는 쿼리 -->
    <update id="upCount" parameterType="hashmap">
    	UPDATE NOTICETABLE SET n_count = n_count+1
    	 WHERE n_idx=#{n_idx}
    </update>
    
    <!-- 공지사항 글 수정 -->
    <update id="editNotice" parameterType="hashmap">
    	UPDATE NOTICETABLE SET n_title = #{n_title}, n_content = #{n_content}
    	 WHERE n_idx = #{n_idx}
    </update>
    
    <!-- 공지사항 글번호로 해당 글 삭제 -->
    <delete id="deleteNotice" parameterType="hashmap">
    	DELETE FROM NOTICETABLE WHERE n_idx = #{n_idx}
    </delete>
    
    <!-- 전체 글 개수 - 페이징, 검색에 사용 -->
	<select id="countNotice" parameterType="com.javalec.final_hobbyplanet.dto.SearchCriteria" resultType="int">
		SELECT count(n_idx) FROM NOTICETABLE WHERE 1 = 1
			<include refid="search"></include>
	</select>
	
	<!-- 검색 기능 searchType에 따른 쿼리문 - 페이징, 검색에 사용 -->
	<sql id="search">
		<if test="searchType != null"> 
			<if test="searchType == 'title'.toString()">AND n_title LIKE '%' || #{keyword} || '%'</if> 
			<if test="searchType == 'content'.toString()">AND n_content LIKE '%' || #{keyword} || '%'</if> 
		</if>
	</sql>
</mapper>